Category,Recommendation,Location,Notes,Website
Coffee,White Rhino Coffee,Dallas – Uptown,The seasonal drinks are worth trying.,https://example.com/white-rhino
Bars,Katy Trail Ice House,Dallas – Uptown,Works well for an informal team happy hour.,https://example.com/katy-trail-ice-house
Food,The Henry,Dallas – Uptown,Good all-day menu and polished atmosphere.,https://example.com/the-henry
Food,Loro,Dallas – East Dallas,Fast-casual Asian smokehouse with outdoor seating.,https://example.com/loro
Food,Rodeo Goat,Dallas – Design District,A solid option for a team outing.,https://example.com/rodeo-goat
Bars,Midnight Rambler,Dallas – Downtown,Good atmosphere without being too formal.,https://example.com/midnight-rambler
Bars,Katy Trail Ice House,Dallas – Uptown,Large patio and an easy after-work option.,https://example.com/katy-trail-ice-house
Food,Uchi,Dallas – Uptown,Would recommend for a client lunch.,https://example.com/uchi
Food,Rodeo Goat,Dallas – Design District,The patio is especially nice in good weather.,https://example.com/rodeo-goat
Coffee,La La Land Kind Cafe,Dallas – Lower Greenville,Usually easy to find a seat in the morning.,https://example.com/la-la-land
Food,Terry Black's BBQ,Dallas – Deep Ellum,A solid option for a team outing.,https://example.com/terry-blacks
Bars,The Rustic,Dallas – Uptown,"Can get busy, so arrive early.",https://example.com/the-rustic
Food,Meso Maya,Dallas – Downtown,A solid option for a team outing.,https://example.com/meso-maya
Food,Meso Maya,Dallas – Downtown,Reliable Tex-Mex with good group seating.,https://example.com/meso-maya
Bars,Tiny Victories,Dallas – Oak Cliff,Small cocktail bar with a welcoming vibe.,https://example.com/tiny-victories
Food,Sixty Vines,Dallas – Uptown,The patio is especially nice in good weather.,https://example.com/sixty-vines
Food,Rodeo Goat,Dallas – Design District,Great burgers and a relaxed patio.,https://example.com/rodeo-goat
Food,Uchi,Dallas – Uptown,Good vegetarian options.,https://example.com/uchi
Coffee,Ascension Coffee,Dallas – Design District,Convenient for meetings and breakfast.,https://example.com/ascension
Coffee,Houndstooth Coffee,Dallas – Knox-Henderson,Consistently good coffee and space to work.,https://example.com/houndstooth
Food,José,Dallas – Lovers Lane,Beautiful patio and creative Mexican food.,https://example.com/jose
Coffee,Wayward Coffee,Dallas – Oak Cliff,Excellent pour-over and a relaxed vibe.,https://example.com/wayward
Food,José,Dallas – Lovers Lane,Good vegetarian options.,https://example.com/jose
Bars,The Grapevine Bar,Dallas – Oak Lawn,Unpretentious neighborhood favorite.,https://example.com/grapevine
Food,Rodeo Goat,Dallas – Design District,Would recommend for a client lunch.,https://example.com/rodeo-goat
Food,Meso Maya,Dallas – Downtown,Would recommend for a client lunch.,https://example.com/meso-maya
Bars,The Rustic,Dallas – Uptown,"Can get busy, so arrive early.",https://example.com/the-rustic
Bars,The Rustic,Dallas – Uptown,Works well for an informal team happy hour.,https://example.com/the-rustic
Coffee,La La Land Kind Cafe,Dallas – Lower Greenville,Good option for working away from the office.,https://example.com/la-la-land
Coffee,Merit Coffee,Dallas – Deep Ellum,Bright space with excellent espresso.,https://example.com/merit
Coffee,Ascension Coffee,Dallas – Design District,Usually easy to find a seat in the morning.,https://example.com/ascension
Coffee,Houndstooth Coffee,Dallas – Knox-Henderson,Wi-Fi was reliable when I visited.,https://example.com/houndstooth
Coffee,Pax & Beneficia,Dallas – Victory Park,Good seasonal drinks and modern interiors.,https://example.com/pax-beneficia
Food,Rodeo Goat,Dallas – Design District,Would recommend for a client lunch.,https://example.com/rodeo-goat
Food,Rodeo Goat,Dallas – Design District,The service was quick and friendly.,https://example.com/rodeo-goat
Coffee,Ascension Coffee,Dallas – Design District,Usually easy to find a seat in the morning.,https://example.com/ascension
Food,Sixty Vines,Dallas – Uptown,The patio is especially nice in good weather.,https://example.com/sixty-vines
Bars,The Rustic,Dallas – Uptown,Good for larger groups and live music.,https://example.com/the-rustic
Food,Uchi,Dallas – Uptown,Worth making a reservation.,https://example.com/uchi
Food,Meso Maya,Dallas – Downtown,A solid option for a team outing.,https://example.com/meso-maya
Coffee,Ascension Coffee,Dallas – Design District,Usually easy to find a seat in the morning.,https://example.com/ascension
Food,Partenope,Dallas – Downtown,Strong Neapolitan pizza and pasta.,https://example.com/partenope
Coffee,Merit Coffee,Dallas – Deep Ellum,Good place for a one-on-one meeting.,https://example.com/merit
Bars,Lee Harvey's,Dallas – The Cedars,Laid-back patio and frequent live music.,https://example.com/lee-harveys
Coffee,Houndstooth Coffee,Dallas – Knox-Henderson,Good place for a one-on-one meeting.,https://example.com/houndstooth
Coffee,La La Land Kind Cafe,Dallas – Lower Greenville,Friendly service and fun specialty drinks.,https://example.com/la-la-land
Bars,Double D's,Dallas – Design District,Fun retro atmosphere for a casual group night.,https://example.com/double-ds
Food,Uchi,Dallas – Uptown,Would recommend for a client lunch.,https://example.com/uchi
Coffee,Merit Coffee,Dallas – Deep Ellum,Usually easy to find a seat in the morning.,https://example.com/merit
Food,Uchi,Dallas – Uptown,Worth making a reservation.,https://example.com/uchi
Bars,Truck Yard,Dallas – Lower Greenville,Good atmosphere without being too formal.,https://example.com/truck-yard
Coffee,Fiction Coffee,Dallas – Ross Avenue,Usually easy to find a seat in the morning.,https://example.com/fiction-coffee
Coffee,Ascension Coffee,Dallas – Design District,Wi-Fi was reliable when I visited.,https://example.com/ascension
Food,The Henry,Dallas – Uptown,Worth making a reservation.,https://example.com/the-henry
Bars,The Rustic,Dallas – Uptown,Works well for an informal team happy hour.,https://example.com/the-rustic
Coffee,Opening Bell Coffee,Dallas – The Cedars,Cozy local shop with live music events.,https://example.com/opening-bell
Food,Uchi,Dallas – Uptown,The patio is especially nice in good weather.,https://example.com/uchi
Bars,Parliament,Dallas – Uptown,Strong cocktail menu and happy-hour specials.,https://example.com/parliament
Bars,Midnight Rambler,Dallas – Downtown,A fun option for visiting coworkers.,https://example.com/midnight-rambler
Coffee,Ascension Coffee,Dallas – Design District,Wi-Fi was reliable when I visited.,https://example.com/ascension
Food,Celebration,Dallas – Northwest Dallas,Comfort food and generous portions.,https://example.com/celebration
Coffee,White Rhino Coffee,Dallas – Uptown,Good place for a one-on-one meeting.,https://example.com/white-rhino
Bars,Parliament,Dallas – Uptown,Works well for an informal team happy hour.,https://example.com/parliament
Food,The Henry,Dallas – Uptown,Would recommend for a client lunch.,https://example.com/the-henry
Food,Rodeo Goat,Dallas – Design District,A solid option for a team outing.,https://example.com/rodeo-goat
Coffee,Native Coffee Co.,Dallas – North Dallas,Minimal space with thoughtfully made coffee.,https://example.com/native-coffee
Coffee,Houndstooth Coffee,Dallas – Knox-Henderson,The seasonal drinks are worth trying.,https://example.com/houndstooth
Food,Hudson House,Dallas – Highland Park,Great lunch option with a lively atmosphere.,https://example.com/hudson-house
Food,Rodeo Goat,Dallas – Design District,The patio is especially nice in good weather.,https://example.com/rodeo-goat
Bars,Bowen House,Dallas – Uptown,Historic setting with carefully made cocktails.,https://example.com/bowen-house
Food,Rodeo Goat,Dallas – Design District,A solid option for a team outing.,https://example.com/rodeo-goat
Food,Written by the Seasons,Dallas – Bishop Arts,Seasonal menu and a cozy dining room.,https://example.com/written-by-the-seasons
Food,Terry Black's BBQ,Dallas – Deep Ellum,Great barbecue for visitors from out of town.,https://example.com/terry-blacks
Coffee,Pax & Beneficia,Dallas – Victory Park,Good place for a one-on-one meeting.,https://example.com/pax-beneficia
Bars,Truck Yard,Dallas – Lower Greenville,A fun option for visiting coworkers.,https://example.com/truck-yard
Bars,Double D's,Dallas – Design District,Best when the weather is nice.,https://example.com/double-ds
Coffee,White Rhino Coffee,Dallas – Uptown,Good place for a one-on-one meeting.,https://example.com/white-rhino
Bars,Katy Trail Ice House,Dallas – Uptown,Best when the weather is nice.,https://example.com/katy-trail-ice-house
Food,Sixty Vines,Dallas – Uptown,Easy choice for groups with different tastes.,https://example.com/sixty-vines
Coffee,Fiction Coffee,Dallas – Ross Avenue,Quiet neighborhood spot for focused work.,https://example.com/fiction-coffee
Food,Meso Maya,Dallas – Downtown,Would recommend for a client lunch.,https://example.com/meso-maya
Bars,The Rustic,Dallas – Uptown,A fun option for visiting coworkers.,https://example.com/the-rustic
Food,Rodeo Goat,Dallas – Design District,The patio is especially nice in good weather.,https://example.com/rodeo-goat
Bars,Truck Yard,Dallas – Lower Greenville,A fun option for visiting coworkers.,https://example.com/truck-yard
Food,Cane Rosso,Dallas – Deep Ellum,Casual pizza spot that works well for teams.,https://example.com/cane-rosso
Bars,Midnight Rambler,Dallas – Downtown,Creative cocktails in a stylish basement bar.,https://example.com/midnight-rambler
Food,The Henry,Dallas – Uptown,Worth making a reservation.,https://example.com/the-henry
Coffee,Houndstooth Coffee,Dallas – Knox-Henderson,Wi-Fi was reliable when I visited.,https://example.com/houndstooth
Coffee,Houndstooth Coffee,Dallas – Knox-Henderson,Good option for working away from the office.,https://example.com/houndstooth
Food,Meso Maya,Dallas – Downtown,Would recommend for a client lunch.,https://example.com/meso-maya
Coffee,Houndstooth Coffee,Dallas – Knox-Henderson,The seasonal drinks are worth trying.,https://example.com/houndstooth
Bars,Truck Yard,Dallas – Lower Greenville,Casual outdoor hangout with food trucks.,https://example.com/truck-yard
Coffee,White Rhino Coffee,Dallas – Uptown,Lots of seating and dependable drinks.,https://example.com/white-rhino
Food,Cane Rosso,Dallas – Deep Ellum,The patio is especially nice in good weather.,https://example.com/cane-rosso
Coffee,Houndstooth Coffee,Dallas – Knox-Henderson,Usually easy to find a seat in the morning.,https://example.com/houndstooth
Food,Uchi,Dallas – Uptown,The patio is especially nice in good weather.,https://example.com/uchi
Food,Terry Black's BBQ,Dallas – Deep Ellum,Worth making a reservation.,https://example.com/terry-blacks
Food,Uchi,Dallas – Uptown,Excellent for a nicer team dinner.,https://example.com/uchi
Food,Celebration,Dallas – Northwest Dallas,Worth making a reservation.,https://example.com/celebration
Bars,The Woolworth,Dallas – Downtown,Rooftop views and shareable plates.,https://example.com/woolworth
